count,mean,std,min,25%,50%,75%,max,type
8502.0,0.10428443455966391,0.14384256589725739,0.0101010101010101,0.0101010101010101,0.0202020202020202,0.1388888888888889,0.6060606060606061,vn_af
8502.0,10.324159021406729,14.240414023828484,1.0,1.0,2.0,13.75,60.0,c1s
